LOCAL,MYHQ1,,,,,
LOCAL,MYHQ10,,,,,
LOCAL,MYHQ11,,,,,
LOCAL,MYHQ12,,,,,
LOCAL,MYHQ13,,,,,
LOCAL,MYHQ2,,,,,
LOCAL,MYHQ3,,,,,
LOCAL,MYHQ4,,,,,
LOCAL,MYHQ5,,,,,
LOCAL,MYHQ6,,,,,
LOCAL,MYHQ7,,,,,
LOCAL,MYHQ8,,,,,
LOCAL,MYHQ9,,,,,
LOCAL,SHQ1,,,,,
LOCAL,SHQ10,,,,,
LOCAL,SHQ11,,,,,
LOCAL,SHQ12,,,,,
LOCAL,SHQ13,,,,,
LOCAL,SHQ14,,,,,
LOCAL,SHQ15,,,,,
LOCAL,SHQ16,,,,,
LOCAL,SHQ17,,,,,
LOCAL,SHQ2,,,,,
LOCAL,SHQ3,,,,,
LOCAL,SHQ4,,,,,
LOCAL,SHQ5,,,,,
LOCAL,SHQ6,,,,,
LOCAL,SHQ7,,,,,
LOCAL,SHQ8,,,,,
LOCAL,SHQ9,,,,,
LOCAL,YHS1,,,,,
LOCAL,YHS2,,,,,
LOCAL,YHS3,,,,,
LOCAL,YHS4,,,,,
LOCAL,YHS5,,,,,
LOCAL,YHS6,,,,,
LOCAL,YOHQ1,,,,,
LOCAL,YOHQ2,,,,,
LOCAL,YOHQ3,,,,,
LOCAL,YOHQ4,,,,,
LOCAL,YOHQ5,,,,,
LOCAL,YOHQ6,,,,,
LOCAL,YSQ1,,,,,
LOCAL,YSQ10,,,,,
LOCAL,YSQ11,,,,,
LOCAL,YSQ12,,,,,
LOCAL,YSQ13,,,,,
LOCAL,YSQ14,,,,,
LOCAL,YSQ15,,,,,
LOCAL,YSQ16,,,,,
LOCAL,YSQ17,,,,,
LOCAL,YSQ18,,,,,
LOCAL,YSQ19,,,,,
LOCAL,YSQ2,,,,,
LOCAL,YSQ20,,,,,
LOCAL,YSQ21,,,,,
LOCAL,YSQ22,,,,,
LOCAL,YSQ3,,,,,
LOCAL,YSQ4,,,,,
LOCAL,YSQ5,,,,,
LOCAL,YSQ6,,,,,
LOCAL,YSQ7,,,,,
LOCAL,YSQ8,,,,,
LOCAL,YSQ9,,,,,
