RR1+_RAW,Australia,RR1+,ABROAD
RR1+_RAW,Basingstoke,RR1+,RHU02
RR1+_RAW,Brazil,RR1+,ABROAD
RR1+_RAW,Bristol,RR1+,REE01
RR1+_RAW,Canterbury,RR1+,RVVKC
RR1+_RAW,Cardiff,RR1+,RRBBV
RR1+_RAW,Charing Cross,RR1+,RQN02
RR1+_RAW,China,RR1+,ABROAD
RR1+_RAW,Churchil Hospital,RR1+,RNX02
RR1+_RAW,Churchill Hospital Oxford,RR1+,RNX02
RR1+_RAW,Corby Dialysis Unit,RR1+,RFBAK
RR1+_RAW,Cornwall,RR1+,REF12
RR1+_RAW,coventry,RR1+,RKB01
RR1+_RAW,Coventry,RR1+,RKB01
RR1+_RAW,Devon,RR1+,RH8
RR1+_RAW,Dorset,RR1+,RBD01
RR1+_RAW,East Kent,RR1+,RVVKC
RR1+_RAW,Egypt,RR1+,ABROAD
RR1+_RAW,Epsom & St Helier,RR1+,RAZ
RR1+_RAW,Farnborough,RR1+,RAZ
RR1+_RAW,Farnborough Dialysis Unit,RR1+,RAZ
RR1+_RAW,France,RR1+,ABROAD
RR1+_RAW,Frimley,RR1+,RAZ
RR1+_RAW,Frimley Hospital,RR1+,RAZ
RR1+_RAW,Frimley Park,RR1+,RAZ
RR1+_RAW,Gloucester,RR1+,RH641
RR1+_RAW,"GOA, India",RR1+,ABROAD
RR1+_RAW,GOSH,RR1+,RP4
RR1+_RAW,Great Ormond Street,RR1+,RP4
RR1+_RAW,Greece,RR1+,ABROAD
RR1+_RAW,Guy's,RR1+,RJ121
RR1+_RAW,Guy's and St. Thomas Hospital,RR1+,RJ121
RR1+_RAW,Guy's Hospital,RR1+,RJ121
RR1+_RAW,Hammersmith,RR1+,RQN02
RR1+_RAW,Hammersnith,RR1+,RQN02
RR1+_RAW,Hayes,RR1+,RQN02
RR1+_RAW,Hong Kong,RR1+,ABROAD
RR1+_RAW,Imperial,RR1+,RQN02
RR1+_RAW,Imperial London,RR1+,RQN02
RR1+_RAW,India,RR1+,ABROAD
RR1+_RAW,Ipswich Hopsital,RR1+,RGQ02
RR1+_RAW,Kent & Canterbury,RR1+,RVVKC
RR1+_RAW,Kings College Hospital,RR1+,RJZ
RR1+_RAW,Lister,RR1+,RAQ01
RR1+_RAW,Liverpool,RR1+,RQ617
RR1+_RAW,Middlesex,RR1+,RAJ
RR1+_RAW,Nepal,RR1+,ABROAD
RR1+_RAW,Newcastle,RR1+,RTD01
RR1+_RAW,Oxford,RR1+,RNX02
RR1+_RAW,oxford churchill,RR1+,RNX02
RR1+_RAW,Oxford churcill,RR1+,RNX02
RR1+_RAW,Oxford Dialysis,RR1+,RNX02
RR1+_RAW,Oxford Kidney Centre,RR1+,RNX02
RR1+_RAW,Oxford Kidney Unit,RR1+,RNX02
RR1+_RAW,Pakistan,RR1+,ABROAD
RR1+_RAW,Philipines,RR1+,ABROAD
RR1+_RAW,Plymouth,RR1+,RK950
RR1+_RAW,Poland,RR1+,ABROAD
RR1+_RAW,Portsmouth,RR1+,RHU02
RR1+_RAW,Postsmouth,RR1+,RHU02
RR1+_RAW,Queen Elizabeth Hospital Birmingham,RR1+,RRK02
RR1+_RAW,Romania,RR1+,ABROAD
RR1+_RAW,Rotherham,RR1+,RK7CC
RR1+_RAW,Royal Free,RR1+,RAL01
RR1+_RAW,Sheffield,RR1+,RK7CC
RR1+_RAW,South Africa,RR1+,ABROAD
RR1+_RAW,St Barts,RR1+,RNJ00
RR1+_RAW,St Bart's Hospital London,RR1+,RNJ00
RR1+_RAW,St Helier,RR1+,RAZ
RR1+_RAW,St. Helier,RR1+,RAZ
RR1+_RAW,St Helier Hospital,RR1+,RAZ
RR1+_RAW,St Hellier,RR1+,RAZ
RR1+_RAW,St. Hellier,RR1+,RAZ
RR1+_RAW,St. Helliers,RR1+,RAZ
RR1+_RAW,Stoke Mandeville,RR1+,RNX02
RR1+_RAW,University Hospital of Torrevieja,RR1+,ABROAD
RR1+_RAW,Whipp's Cross,RR1+,RNJ00
RR1+_RAW,Wycombe Renal Unit,RR1+,RNX02
